id,device_type,search_name,brand,model,release_date,eco_rating,durability,repairability,recyclability,climate_efficiency,resource_efficiency,ram_human,storage_human,ram,storage,model_number_info,label_version
4192,Smartphone,Huawei Nova Y60 WKG-LX9,Huawei,Nova Y60,2021-08,68,38,55,65,41,77,4 GB,64 GB,4,64,WKG-LX9,1
4193,Smartphone,Nokia C2 2nd Edition TA-1468,Nokia,C2 2nd Edition,2022-05,77,49,49,71,46,91,2 GB,32 GB,2,32,TA-1468,1
4194,Smartphone,Huawei Nova Y90 CTR-LX3,Huawei,Nova Y90,2022-08,79,54,68,65,62,84,6 GB,128 GB,6,128,CTR-LX3,1
4195,Smartphone,Huawei Nova 10 SE BNE-LX3,Huawei,Nova 10 SE,2022-11,81,54,71,65,64,86,8 GB,256 GB,8,256,BNE-LX3,1
4196,Smartphone,Huawei Nova 10 NCO-LX3,Huawei,Nova 10,2022-07,76,54,71,65,53,85,8 GB,128 GB,8,128,NCO-LX3,1
4197,Smartphone,Huawei Nova Y61 EVE-LX3,Huawei,Nova Y61,2022-11,80,54,68,65,63,85,4 GB,64 GB,4,64,EVE-LX3,1
4198,Smartphone,TCL 30E 6127A,TCL,30E,2021-12,78,39,55,56,52,88,2 GB,32 GB,2,32,6127A,1
4199,Smartphone,Nokia X30 5G TA-1450,Nokia,X30 5G,2022-09,84,74,67,87,76,85,6 GB,128 GB,6,128,TA-1450,1
4200,Smartphone,TCL 305 6102A,TCL,305,2021-12,78,39,55,56,52,88,2 GB,64 GB,2,64,6102A,1
4201,Smartphone,TCL 303 5131A,TCL,303,2022-01,82,39,61,67,65,89,2 GB,32 GB,2,32,5131A,1
4202,Smartphone,Samsung Galaxy Xcover 5 SM-G525F,Samsung,Galaxy Xcover 5,2021-03,79,66,65,68,61,85,4 GB,64 GB,4,64,SM-G525F,1
4203,Smartphone,Samsung Galaxy A03 SM-A035F/DS,Samsung,Galaxy A03,2022-12,77,43,51,63,53,86,3 GB,32 GB,3,32,SM-A035F/DS,1
4204,Smartphone,OPPO Find N2 Flip CPH2437,OPPO,Find N2 Flip,2023-01,73,57,66,61,61,69,8 GB,256 GB,8,256,CPH2437,3
4205,Smartphone,OPPO A78 CPH2483,OPPO,A78,2023-01,80,59,53,60,69,75,8 GB,128 GB,8,128,CPH2483,3
4206,Smartphone,TCL 40 SE T610K,TCL,40 SE,2022-12,90,47,49,61,78,87,4 GB,128 GB,4,128,T610K,3
4207,Smartphone,TCL 40 SE T610K2,TCL,40 SE,2022-12,90,47,49,63,78,87,6 GB,256 GB,6,256,T610K2,3
4208,Smartphone,Samsung Galaxy A04 SM-A045M,Samsung,Galaxy A04,2022-10,77,43,51,63,66,79,4 GB,128 GB,4,128,SM-A045M,1
4209,Smartphone,Samsung Galaxy M13 SM-M135M,Samsung,Galaxy M13,2022-07,79,52,56,77,71,80,4 GB,128 GB,4,128,SM-M135M,1
4210,Smartphone,Samsung A23 SM-A235F,Samsung,A23,2022-03,78,50,62,68,73,77,4 GB,64 GB,4,64,SM-A235F,1
4211,Smartphone,Samsung Galaxy Xcover 5 SM-G525F,Samsung,Galaxy Xcover 5,2021-03,79,66,65,68,61,85,4 GB,64 GB,4,64,SM-G525F,1
4212,Smartphone,CROSSCALL ACTION-X5 ACTION-X5,CROSSCALL,ACTION-X5,2021-11,79,80,66,59,59,86,4 GB,64 GB,4,64,ACTION-X5,1
4213,Smartphone,Nokia G1 Plus TA-1421,Nokia,G1 Plus,2022-05,70,53,58,73,46,77,4 GB,64 GB,4,64,TA-1421,1
4214,Smartphone,vivo V25 Pro V2158,vivo,V25 Pro,2022-09,72,56,71,69,50,80,12 GB,256 GB,12,256,V2158,1
4215,Smartphone,vivo X80 Lite 5G V2208,vivo,X80 Lite 5G,2022-10,72,58,67,62,55,77,8 GB,128 GB,8,128,V2208,1
4216,Smartphone,Samsung Galaxy A03 SM-A035F/DS,Samsung,Galaxy A03,2022-12,77,43,51,63,53,86,3 GB,32 GB,3,32,SM-A035F/DS,1
4217,Smartphone,BMOBILE B70 Pro B70PRO,BMOBILE,B70 Pro,2022-01,66,45,64,42,57,64,3 GB,32 GB,3,32,B70PRO,1
4218,Smartphone,CROSSCALL Core Z5 Core Z5,CROSSCALL,Core Z5,2022-11,79,90,74,64,62,84,4 GB,64 GB,4,64,Core Z5,1
4219,Smartphone,HONOR X6 4G VNE-LX1,HONOR,X6 4G,2022-10,82,53,63,61,67,87,4 GB,64 GB,4,64,VNE-LX1,1
4220,Smartphone,HONOR X6 VNE-NX1,HONOR,X6,2022-09,81,47,66,63,65,87,6 GB,128 GB,6,128,VNE-NX1,1
4221,Smartphone,Huawei Nova 10 Pro GLA-LX3,Huawei,Nova 10 Pro,2022-07,74,36,55,65,43,87,8 GB,256 GB,8,256,GLA-LX3,1
4222,Smartphone,MobiWire NEVA SPARKLE GH5028,MobiWire,NEVA SPARKLE,2022-06,80,62,87,66,67,83,1 GB,8 GB,1,8,GH5028,1
4223,Smartphone,Motorola Moto g42 XT2233-1,Motorola,Moto g42,2022-05,77,58,67,80,59,83,4 GB,128 GB,4,128,XT2233-1,1
4224,Smartphone,Motorola Moto g62 5G XT2223-1,Motorola,Moto g62 5G,2022-06,78,53,68,71,62,83,4 GB,128 GB,4,128,XT2223-1,1
4225,Smartphone,Motorola Edge 30 fusion XT2243-1,Motorola,Edge 30 fusion,2022-07,74,43,63,80,51,82,8 GB,128 GB,8,128,XT2243-1,1
4226,Smartphone,Motorola Moto g62 5G XT2223-1,Motorola,Moto g62 5G,2022-06,78,53,68,71,62,83,4 GB,64 GB,4,64,XT2223-1,1
4227,Smartphone,Motorola Edge 30 Neo XT2245-1,Motorola,Edge 30 Neo,2022-08,75,58,67,80,51,83,8 GB,256 GB,8,256,XT2245-1,1
4228,Smartphone,Motorola Edge 30 Neo XT2245-1,Motorola,Edge 30 Neo,2022-09,75,58,67,80,53,83,8 GB,128 GB,8,128,XT2245-1,1
4229,Smartphone,Motorola Moto e22 XT2239-17,Motorola,Moto e22,2022-09,74,48,64,79,57,79,2 GB,64 GB,2,64,XT2239-17,1
4230,Smartphone,Motorola Moto e22 XT2239-16,Motorola,Moto e22,2022-10,76,48,64,79,62,79,2 GB,32 GB,2,32,XT2239-16,1
4231,Smartphone,Motorola Moto e22 XT2239-10,Motorola,Moto e22,2022-08,74,48,64,79,55,79,4 GB,64 GB,4,64,XT2239-10,1
4232,Smartphone,Motorola Moto e22 XT2239-11,Motorola,Moto e22,2022-10,76,48,64,79,61,79,3 GB,32 GB,3,32,XT2239-11,1
4233,Smartphone,Nokia C21 Plus TA-1424,Nokia,C21 Plus,2022-04,75,33,57,70,53,83,3 GB,32 GB,3,32,TA-1424,1
4234,Smartphone,NOTHING Phone (1) A063,NOTHING,Phone (1),2022-07,77,50,64,64,56,85,8 GB,128 GB,8,128,A063,1
4235,Smartphone,NOTHING Phone (1) A063,NOTHING,Phone (1),2022-07,77,50,64,64,56,85,12 GB,256 GB,12,256,A063,1
4236,Smartphone,NOTHING Phone (1) A063,NOTHING,Phone (1),2022-07,77,50,64,64,56,85,8 GB,256 GB,8,256,A063,1
4237,Smartphone,NUBIA REDMAGIC 7 NX679J,NUBIA,REDMAGIC 7,2022-05,66,50,64,56,41,73,12 GB,128 GB,12,128,NX679J,1
4238,Smartphone,Samsung Galaxy A13 SM-A135M,Samsung,Galaxy A13,2022-04,78,42,56,77,66,81,4 GB,128 GB,4,128,SM-A135M,1
4239,Smartphone,Samsung Galaxy A 13 5G SM-A136B,Samsung,Galaxy A 13 5G,2022-05,77,58,62,77,77,71,4 GB,64 GB,4,64,SM-A136B,1
4240,Smartphone,Samsung Galaxy S21 FE 5G SM-G990B,Samsung,Galaxy S21 FE 5G,2022-01,74,66,65,77,57,79,6 GB,256 GB,6,256,SM-G990B,1
4241,Smartphone,Samsung Galaxy A13 5G SM-A136M,Samsung,Galaxy A13 5G,2022-05,74,58,62,77,68,71,4 GB,128 GB,4,128,SM-A136M,1
4242,Smartphone,Samsung Galaxy A13 4G SM-A137F,Samsung,Galaxy A13 4G,2022-07,77,52,56,77,69,77,4 GB,128 GB,4,128,SM-A137F,1
4243,Smartphone,Samsung Galaxy M13 SM-M135M,Samsung,Galaxy M13,2022-07,79,52,56,77,71,80,4 GB,128 GB,4,128,SM-M135M,1
4244,Smartphone,Samsung Galaxy A23 SM-A235M,Samsung,Galaxy A23,2022-03,85,50,62,77,67,91,6 GB,128 GB,6,128,SM-A235M,1
4245,Smartphone,vivo Y55 5G V2127,vivo,Y55 5G,2022-05,72,67,74,62,52,77,4 GB,128 GB,4,128,V2127,1
4246,Smartphone,vivo Y22s PD2228IF_EX,vivo,Y22s,2022-07,80,69,81,67,70,82,6 GB,128 GB,6,128,PD2228IF_EX,1
4247,Smartphone,vivo X80 Lite 5G PD2215EF_EX,vivo,X80 Lite 5G,2022-10,75,64,73,62,62,78,8 GB,256 GB,8,256,PD2215EF_EX,1
4248,Smartphone,Deutsche Telekom AG Tphone Pro S98215,Deutsche Telekom AG,Tphone Pro,2022-10,68,54,52,65,36,80,6 GB,128 GB,6,128,S98215,1
4249,Smartphone,Deutsche Telekom AG T Phone S98317,Deutsche Telekom AG,T Phone,2022-10,74,54,52,65,49,84,4 GB,64 GB,4,64,S98317,1
4250,Smartphone,Xiaomi Redmi Note 11S 2201117SY,Xiaomi,Redmi Note 11S,2022-01,79,50,49,54,55,90,4 GB,64 GB,4,64,2201117SY,1
4251,Smartphone,Xiaomi 12 2201123G,Xiaomi,12,2022-03,75,50,46,46,41,90,8 GB,128 GB,8,128,2201123G,1
4252,Smartphone,Xiaomi Redmi A1 220733SL,Xiaomi,Redmi A1,2022-10,73,57,49,40,54,78,2 GB,32 GB,2,32,220733SL,1
4253,Smartphone,Nokia G60 5G TA-1479,Nokia,G60 5G,2022-08,81,60,67,87,68,85,4 GB,128 GB,4,128,TA-1479,1
4254,Smartphone,Nokia G60 5G TA-1479,Nokia,G60 5G,2022-08,81,60,67,87,68,85,6 GB,128 GB,6,128,TA-1479,1
4255,Smartphone,Nokia G60 5G TA-1479,Nokia,G60 5G,2022-08,81,60,67,87,68,85,4 GB,64 GB,4,64,TA-1479,1
4256,Smartphone,HONOR 70 5G FNE-NX9,HONOR,70 5G,2022-09,80,53,66,61,60,87,8 GB,256 GB,8,256,FNE-NX9,1
4257,Smartphone,HONOR 70 5G FNE-NX9,HONOR,70 5G,2022-09,81,53,66,61,62,87,8 GB,128 GB,8,128,FNE-NX9,1
4258,Smartphone,HONOR X8 5G VNE-NX1,HONOR,X8 5G,2022-08,81,47,66,61,65,87,6 GB,128 GB,6,128,VNE-NX1,1
4259,Smartphone,Motorola Edge 30 Ultra XT2241-2,Motorola,Edge 30 Ultra,2022-09,73,43,63,77,51,81,12 GB,256 GB,12,256,XT2241-2,1
4260,Smartphone,OnePlus 10T 5G CPH2415,OnePlus,10T 5G,2022-08,74,63,76,62,36,90,8 GB,128 GB,8,128,CPH2415,1
4261,Smartphone,OPPO A57S CPH2385,OPPO,A57S,2022-08,79,62,74,54,54,88,4 GB,128 GB,4,128,CPH2385,1
4262,Smartphone,OPPO A57S CPH2385,OPPO,A57S,2022-08,79,62,74,54,54,88,4 GB,64 GB,4,64,CPH2385,1
4263,Smartphone,OPPO Reno8 5G CPH2359,OPPO,Reno8 5G,2022-09,78,58,76,61,49,90,8 GB,128 GB,8,128,CPH2359,1
4264,Smartphone,REALME 9i 5G RMX3612,REALME,9i 5G,2022-09,77,78,61,50,53,87,4 GB,64 GB,4,64,RMX3612,1
4265,Smartphone,Samsung Galaxy A04s SM-A047F,Samsung,Galaxy A04s,2022-09,78,46,62,77,68,79,3 GB,32 GB,3,32,SM-A047F,1
4266,Smartphone,Samsung Galaxy A04 SM-A045M,Samsung,Galaxy A04,2022-10,77,43,51,63,66,79,4 GB,128 GB,4,128,SM-A045M,1
4267,Smartphone,Samsung Galaxy A23 5G SM-A236M,Samsung,Galaxy A23 5G,2022-09,74,50,62,68,69,72,4 GB,128 GB,4,128,SM-A236M,1
4268,Smartphone,Samsung Galaxy M53 SM-M536B,Samsung,Galaxy M53,2022-08,74,40,62,68,68,72,6 GB,128 GB,6,128,SM-M536B,1
4269,Smartphone,Samsung Galaxy Z Flip4 SM-F721B,Samsung,Galaxy Z Flip4,2022-08,77,56,65,68,68,78,8 GB,128 GB,8,128,SM-F721B,1
4270,Smartphone,Samsung Galaxy Z Flip4 SM-F721B,Samsung,Galaxy Z Flip4,2022-08,75,56,65,68,60,78,8 GB,256 GB,8,256,SM-F721B,1
4271,Smartphone,Samsung Galaxy Z Flip4 SM-F721B,Samsung,Galaxy Z Flip4,2022-08,72,56,65,68,50,78,8 GB,512 GB,8,512,SM-F721B,1
4272,Smartphone,Samsung Galaxy Z Fold4 SM-F936B,Samsung,Galaxy Z Fold4,2022-08,68,56,65,68,54,69,12 GB,256 GB,12,256,SM-F936B,1
4273,Smartphone,Samsung Galaxy Z Fold4 SM-F936B,Samsung,Galaxy Z Fold4,2022-08,64,56,65,68,44,69,12 GB,512 GB,12,512,SM-F936B,1
4274,Smartphone,Samsung Galaxy A23 5G SM-A236B,Samsung,Galaxy A23 5G,2022-09,76,50,62,68,73,72,4 GB,64 GB,4,64,SM-A236B,1
4275,Smartphone,Samsung Galaxy M53 SM-M536B,Samsung,Galaxy M53,2022-08,74,50,62,68,67,73,8 GB,128 GB,8,128,SM-M536B,1
4276,Smartphone,Sony Xperia 5 IV XQ-CQ54,Sony,Xperia 5 IV,2022-09,66,67,53,75,26,83,8 GB,128 GB,8,128,XQ-CQ54,1
4277,Smartphone,TCL 40R 5G T771K,TCL,40R 5G,2022-09,81,55,67,56,55,92,4 GB,128 GB,4,128,T771K,1
4278,Smartphone,TCL 40R 5G T771K,TCL,40R 5G,2022-09,81,55,67,56,56,92,4 GB,64 GB,4,64,T771K,1
4279,Smartphone,Xiaomi 12T 22071212AG,Xiaomi,12T,2022-09,74,52,43,38,42,88,8 GB,128 GB,8,128,22071212AG,1
4280,Smartphone,Xiaomi 12T 22071212AG,Xiaomi,12T,2022-09,72,52,43,38,35,88,8 GB,256 GB,8,256,22071212AG,1
4281,Smartphone,Xiaomi 12T Pro 22081212AG,Xiaomi,12T Pro,2022-09,74,52,43,46,39,88,8 GB,128 GB,8,128,22081212AG,1
4282,Smartphone,Xiaomi 12T Pro 22081212AG,Xiaomi,12T Pro,2022-09,71,52,43,46,32,88,8 GB,256 GB,8,256,22081212AG,1
4283,Smartphone,Xiaomi 12T Pro 22081212AG,Xiaomi,12T Pro,2022-09,69,52,43,46,25,88,12 GB,256 GB,12,256,22081212AG,1
4284,Smartphone,CAT S62 Pro ,CAT,S62 Pro,2020-08,69,62,57,68,40,78,6 GB,128 GB,6,128,,1
4285,Smartphone,CAT S42 H+ ,CAT,S42 H+,2021-06,78,62,63,58,63,83,3 GB,32 GB,3,32,,1
4286,Smartphone,Doro 8080 DSB-0220,Doro,8080,2019-09,57,32,41,12,63,43,3 GB,32 GB,3,32,DSB-0220,1
4287,Smartphone,Fairphone 3 ,Fairphone,3,2020-09,70,49,100,76,54,73,4 GB,64 GB,4,64,,1
4288,Smartphone,Fairphone 3+ ,Fairphone,3+,2020-09,71,49,100,76,58,73,4 GB,64 GB,4,64,,1
4289,Smartphone,Fairphone 4 5G ,Fairphone,4 5G,2021-09,85,75,100,90,73,88,6 GB,128 GB,6,128,,1
4290,Smartphone,Fairphone 4 5G ,Fairphone,4 5G,2021-09,84,75,100,90,71,88,8 GB,256 GB,8,256,,1
4291,Smartphone,Nokia 2.3 ,Nokia,2.3,2019-12,81,34,46,71,54,93,2 GB,32 GB,2,32,,1
4292,Smartphone,Nokia 8.3 ,Nokia,8.3,2020-08,60,46,34,39,3,86,6 GB,128 GB,6,128,,1
4293,Smartphone,Nokia 3.4 ,Nokia,3.4,2020-10,74,38,54,67,49,82,4 GB,64 GB,4,64,,1
4294,Smartphone,Nokia 1.4 ,Nokia,1.4,2021-02,64,38,57,62,48,64,1 GB,16 GB,1,16,,1
4295,Smartphone,Nokia G10 ,Nokia,G10,2021-04,68,38,41,69,45,75,3 GB,32 GB,3,32,,1
4296,Smartphone,Nokia X10 ,Nokia,X10,2021-03,56,54,52,75,49,49,6 GB,128 GB,6,128,,1
4297,Smartphone,Nokia X20 ,Nokia,X20,2021-03,60,54,52,75,49,57,6 GB,128 GB,6,128,,1
4298,Smartphone,Nokia XR20 ,Nokia,XR20,2021-05,58,84,47,64,47,55,4 GB,64 GB,4,64,,1
4299,Smartphone,Nokia G50 ,Nokia,G50,2021-08,66,38,56,75,49,69,4 GB,64 GB,4,64,,1
4300,Smartphone,Nokia G11 TA-1401,Nokia,G11,2022-03,73,38,50,67,49,81,3 GB,32 GB,3,32,TA-1401,1
4301,Smartphone,HONOR 50 NTH-NX1,HONOR,50,2021-06,76,52,60,61,41,91,8 GB,256 GB,8,256,NTH-NX1,1
4302,Smartphone,HONOR 50 NTH-NX1,HONOR,50,2021-06,83,52,60,61,62,91,8 GB,128 GB,8,128,NTH-NX1,1
4303,Smartphone,HONOR X8 TFY-LX1,HONOR,X8,2022-04,84,47,66,61,69,90,6 GB,128 GB,6,128,TFY-LX1,1
4304,Smartphone,HONOR X7 CMA-LX1,HONOR,X7,2022-05,81,47,63,61,66,86,4 GB,128 GB,4,128,CMA-LX1,1
4305,Smartphone,HONOR Magic4 Pro LGE-NX9,HONOR,Magic4 Pro,2022-05,81,67,66,61,60,89,8 GB,256 GB,8,256,LGE-NX9,1
4306,Smartphone,HONOR Magic4 Lite ANY-NX1,HONOR,Magic4 Lite,2022-05,82,47,63,61,67,87,6 GB,128 GB,6,128,ANY-NX1,1
4307,Smartphone,HONOR X9 ANY-LX3,HONOR,X9,2022-05,81,47,66,61,64,87,8 GB,128 GB,8,128,ANY-LX3,1
4308,Smartphone,Huawei P40 Lite JNY-LX1,Huawei,P40 Lite,2019-12,79,50,60,65,67,82,6 GB,128 GB,6,128,JNY-LX1,1
4309,Smartphone,Huawei P40 Lite e ART-L29,Huawei,P40 Lite e,2019-10,79,44,60,65,69,80,6 GB,128 GB,6,128,ART-L29,1
4310,Smartphone,Huawei P40 ANA-LX4,Huawei,P40,2020-04,69,50,62,65,39,79,8 GB,256 GB,8,256,ANA-LX4,1
4311,Smartphone,Huawei P30 Lite New edition MAR-LX1B,Huawei,P30 Lite New edition,2019-03,79,44,55,65,49,91,6 GB,256 GB,6,256,MAR-LX1B,1
4312,Smartphone,Huawei P40 Pro ELS-N04 / ELS-NX9,Huawei,P40 Pro,2020-04,65,57,59,65,33,77,8 GB,256 GB,8,256,ELS-N04 / ELS-NX9,1
4313,Smartphone,Huawei P Smart 2021 PPA-LX3,Huawei,P Smart 2021,2020-12,70,44,55,65,45,79,4 GB,128 GB,4,128,PPA-LX3,1
4314,Smartphone,Huawei Mate40 Pro NOH-NX9,Huawei,Mate40 Pro,2020-10,61,57,62,65,28,72,8 GB,256 GB,8,256,NOH-NX9,1
4315,Smartphone,Huawei nova 9 SE NAM-LX9,Huawei,nova 9 SE,2021-10,71,44,55,65,46,80,8 GB,128 GB,8,128,NAM-LX9,1
4316,Smartphone,Huawei Nova Y70 MGA-LX3,Huawei,Nova Y70,2022-04,72,44,55,65,51,78,4 GB,128 GB,4,128,MGA-LX3,1
4317,Smartphone,MobiWire Sora NFC GH5021,MobiWire,Sora NFC,2019-09,78,49,71,52,59,85,1 GB,8 GB,1,8,GH5021,1
4318,Smartphone,MobiWire Sora VDF GH5024,MobiWire,Sora VDF,2020-06,81,49,71,52,66,85,1 GB,16 GB,1,16,GH5024,1
4319,Smartphone,Orange NEVA LEAF GH5931,Orange,NEVA LEAF,2021-08,55,62,86,76,76,32,3 GB,32 GB,3,32,GH5931,1
4320,Smartphone,Motorola Moto g8 Power XT2041-3,Motorola,Moto g8 Power,2020-03,65,49,57,77,55,63,4 GB,64 GB,4,64,XT2041-3,1
4321,Smartphone,Motorola Edge XT2063-3,Motorola,Edge,2020-05,62,49,57,77,54,59,6 GB,128 GB,6,128,XT2063-3,1
4322,Smartphone,Motorola Moto e6s XT2053-1,Motorola,Moto e6s,2020-03,54,55,57,77,65,37,2 GB,32 GB,2,32,XT2053-1,1
4323,Smartphone,Motorola Moto e7 XT2095-2,Motorola,Moto e7,2020-11,70,55,49,80,61,68,2 GB,32 GB,2,32,XT2095-2,1
4324,Smartphone,Motorola Moto g50 XT2137-1,Motorola,Moto g50,2021-05,66,49,49,80,61,62,4 GB,64 GB,4,64,XT2137-1,1
4325,Smartphone,Motorola Moto g31 XT2173 series,Motorola,Moto g31,2021-11,80,55,67,67,64,85,4 GB,128 GB,4,128,XT2173 series,1
4326,Smartphone,Motorola Moto g41 XT2167 series,Motorola,Moto g41,2021-07,78,55,64,67,60,84,4 GB,128 GB,4,128,XT2167 series,1
4327,Smartphone,Motorola Moto g51 5G XT2171-1,Motorola,Moto g51 5G,2021-11,77,53,63,70,55,85,4 GB,128 GB,4,128,XT2171-1,1
4328,Smartphone,Motorola Moto g71 5G XT2169-1,Motorola,Moto g71 5G,2021-12,76,58,64,71,59,80,6 GB,128 GB,6,128,XT2169-1,1
4329,Smartphone,Motorola Moto g200 5G XT2175-1,Motorola,Moto g200 5G,2021-12,72,43,56,66,52,77,8 GB,128 GB,8,128,XT2175-1,1
4330,Smartphone,Motorola Moto g71 5G XT2169-1,Motorola,Moto g71 5G,2021-12,76,58,64,71,59,80,6 GB,128 GB,6,128,XT2169-1,1
4331,Smartphone,Motorola Edge 30 Pro XT2201-1,Motorola,Edge 30 Pro,2022-02,73,43,60,71,52,80,12 GB,256 GB,12,256,XT2201-1,1
4332,Smartphone,Motorola Edge 30 XT2203-1,Motorola,Edge 30,2022-04,76,43,60,71,50,86,6 GB,128 GB,6,128,XT2203-1,1
4333,Smartphone,Motorola Moto e32 XT2227-2,Motorola,Moto e32,2022-04,80,54,64,77,64,86,4 GB,64 GB,4,64,XT2227-2,1
4334,Smartphone,Motorola Moto g82 5G XT2225-1,Motorola,Moto g82 5G,2022-07,77,43,64,74,59,82,6 GB,128 GB,6,128,XT2225-1,1
4335,Smartphone,Motorola Moto g32 XT2235-2,Motorola,Moto g32,2022-07,76,43,67,80,55,83,4 GB,128 GB,4,128,XT2235-2,1
4336,Smartphone,NUBIA REDMAGIC 7 NX679J,NUBIA,REDMAGIC 7,2022-05,66,50,64,56,41,73,16 GB,256 GB,16,256,NX679J,1
4337,Smartphone,OnePlus 8 Pro ,OnePlus,8 Pro,2020-04,71,62,50,59,33,86,8 GB,128 GB,8,128,,1
4338,Smartphone,OnePlus Nord 5G AC2003,OnePlus,Nord 5G,2020-07,72,52,50,57,34,88,12 GB,256 GB,12,256,AC2003,1
4339,Smartphone,OnePlus Nord CE 5G EB2103,OnePlus,Nord CE 5G,2021-06,79,52,53,56,50,91,8 GB,128 GB,8,128,EB2103,1
4340,Smartphone,OnePlus Nord 2 5G DN2103,OnePlus,Nord 2 5G,2021-07,72,52,53,60,39,85,8 GB,128 GB,8,128,DN2103,1
4341,Smartphone,OnePlus 9 LE2113,OnePlus,9,2021-03,66,52,56,64,28,82,8 GB,128 GB,8,128,LE2113,1
4342,Smartphone,OnePlus 9 Pro LE2123,OnePlus,9 Pro,2021-03,69,62,56,67,29,85,12 GB,256 GB,12,256,LE2123,1
4343,Smartphone,OnePlus 10 Pro NE2213,OnePlus,10 Pro,2022-04,68,57,63,68,23,87,8 GB,128 GB,8,128,NE2213,1
4344,Smartphone,OnePlus Nord CE 2 IV2201,OnePlus,Nord CE 2,2022-03,80,58,66,64,54,91,8 GB,128 GB,8,128,IV2201,1
4345,Smartphone,OnePlus Nord 2T 5G CPH2399,OnePlus,Nord 2T 5G,2022-05,75,63,74,66,43,89,12 GB,128 GB,12,128,CPH2399,1
4346,Smartphone,OnePlus Nord CE 2 Lite CPH2409,OnePlus,Nord CE 2 Lite,2022-05,74,57,74,58,47,85,12 GB,128 GB,12,128,CPH2409,1
4347,Smartphone,OPPO A72 CPH2067,OPPO,A72,2020-06,79,48,53,51,57,86,4 GB,128 GB,4,128,CPH2067,1
4348,Smartphone,OPPO Find X2 Lite CPH2005,OPPO,Find X2 Lite,2020-04,78,52,53,51,52,88,8 GB,128 GB,8,128,CPH2005,1
4349,Smartphone,OPPO Find X2 Pro CPH2025,OPPO,Find X2 Pro,2020-03,75,62,53,51,49,85,12 GB,256 GB,12,256,CPH2025,1
4350,Smartphone,OPPO A53 CPH2127,OPPO,A53,2020-08,79,48,53,51,59,86,4 GB,128 GB,4,128,CPH2127,1
4351,Smartphone,OPPO A15 CPH2185,OPPO,A15,2020-10,79,48,53,47,58,86,3 GB,32 GB,3,32,CPH2185,1
4352,Smartphone,OPPO A53s CPH2135,OPPO,A53s,2020-10,79,48,53,59,59,86,4 GB,128 GB,4,128,CPH2135,1
4353,Smartphone,OPPO Find X3 Lite 5G CPH2145,OPPO,Find X3 Lite 5G,2021-03,77,48,53,51,55,85,8 GB,128 GB,8,128,CPH2145,1
4354,Smartphone,OPPO Find X3 Pro 5G CPH2173,OPPO,Find X3 Pro 5G,2021-03,70,62,53,55,31,86,12 GB,256 GB,12,256,CPH2173,1
4355,Smartphone,OPPO Reno4 Pro 5G CPH2109,OPPO,Reno4 Pro 5G,2020-06,81,52,53,54,60,89,12 GB,256 GB,12,256,CPH2109,1
4356,Smartphone,OPPO Reno4 Z 5G CPH2065,OPPO,Reno4 Z 5G,2020-10,78,48,53,55,56,87,8 GB,128 GB,8,128,CPH2065,1
4357,Smartphone,OPPO A16s CPH2271,OPPO,A16s,2021-08,80,52,56,59,60,87,4 GB,64 GB,4,64,CPH2271,1
4358,Smartphone,OPPO A54 5G CPH2195,OPPO,A54 5G,2021-04,76,48,56,59,53,84,4 GB,64 GB,4,64,CPH2195,1
4359,Smartphone,OPPO Reno6 5G CPH2251,OPPO,Reno6 5G,2021-09,78,52,56,51,53,88,8 GB,128 GB,8,128,CPH2251,1
4360,Smartphone,OPPO Reno6 Pro 5G CPH2247,OPPO,Reno6 Pro 5G,2021-09,72,52,56,51,35,88,12 GB,256 GB,12,256,CPH2247,1
4361,Smartphone,OPPO A94 5G CPH2211,OPPO,A94 5G,2021-03,79,48,56,51,54,89,8 GB,128 GB,8,128,CPH2211,1
4362,Smartphone,OPPO A54s CPH2273,OPPO,A54s,2021-10,80,52,56,55,60,87,4 GB,128 GB,4,128,CPH2273,1
4363,Smartphone,OPPO A74 5G CPH2197,OPPO,A74 5G,2021-04,76,48,56,51,52,84,6 GB,128 GB,6,128,CPH2197,1
4364,Smartphone,OPPO Find X3 Neo 5G CPH2207,OPPO,Find X3 Neo 5G,2021-03,73,52,53,59,38,89,12 GB,256 GB,12,256,CPH2207,1
4365,Smartphone,OPPO Find X5 Pro CPH2305,OPPO,Find X5 Pro,2022-03,71,78,71,58,35,86,12 GB,256 GB,12,256,CPH2305,1
4366,Smartphone,OPPO Reno7 5G CPH2371,OPPO,Reno7 5G,2022-03,80,63,71,54,54,91,8 GB,256 GB,8,256,CPH2371,1
4367,Smartphone,OPPO Reno8 5G CPH2343,OPPO,Reno8 5G,2022-04,81,68,68,60,59,91,8 GB,128 GB,8,128,CPH2343,1
4368,Smartphone,OPPO Find X5 CPH2307,OPPO,Find X5,2022-03,73,68,68,62,38,88,8 GB,256 GB,8,256,CPH2307,1
4369,Smartphone,OPPO A77 5G CPH2339,OPPO,A77 5G,2022-06,80,62,74,58,58,88,4 GB,64 GB,4,64,CPH2339,1
4370,Smartphone,OPPO A57 CPH2387,OPPO,A57,2022-07,79,62,74,54,54,88,4 GB,128 GB,4,128,CPH2387,1
4371,Smartphone,OPPO Reno8 Pro 5G CPH2357,OPPO,Reno8 Pro 5G,2022-07,77,68,76,61,49,89,8 GB,256 GB,8,256,CPH2357,1
4372,Smartphone,OPPO A57 CPH2387,OPPO,A57,2022-07,79,62,74,54,54,88,4 GB,64 GB,4,64,CPH2387,1
4373,Smartphone,REALME 8 5G RMX3241,REALME,8 5G,2021-04,76,48,53,47,52,85,4 GB,64 GB,4,64,RMX3241,1
4374,Smartphone,REALME 8i RMX3151,REALME,8i,2021-09,80,58,49,55,57,90,4 GB,128 GB,4,128,RMX3151,1
4375,Smartphone,REALME 9i RMX3493,REALME,9i,2022-01,82,67,62,47,65,88,4 GB,128 GB,4,128,RMX3493,1
4376,Smartphone,REALME 9 5G RMX3474,REALME,9 5G,2022-04,82,52,55,56,67,87,4 GB,128 GB,4,128,RMX3474,1
4377,Smartphone,REALME C35 RMX3511,REALME,C35,2022-02,76,47,55,60,57,83,4 GB,128 GB,4,128,RMX3511,1
4378,Smartphone,REALME C31 RMX3503,REALME,C31,2022-03,77,47,61,42,59,83,4 GB,64 GB,4,64,RMX3503,1
4379,Smartphone,REALME GT2 RMX3311,REALME,GT2,2022-03,72,52,55,50,37,86,8 GB,128 GB,8,128,RMX3311,1
4380,Smartphone,REALME C31 RMX3503,REALME,C31,2022-03,78,47,61,42,63,83,3 GB,32 GB,3,32,RMX3503,1
4381,Smartphone,REALME Narzo 50 5G RMX3572,REALME,Narzo 50 5G,2022-05,78,58,55,50,53,88,4 GB,64 GB,4,64,RMX3572,1
4382,Smartphone,Samsung Galaxy A02s SM-A025G,Samsung,Galaxy A02s,2021-04,77,48,66,77,54,85,3 GB,32 GB,3,32,SM-A025G,1
4383,Smartphone,Samsung Galaxy A03 SM-A035G,Samsung,Galaxy A03,2021-11,78,43,51,63,57,86,3 GB,32 GB,3,32,SM-A035G,1
4384,Smartphone,Samsung Galaxy A03 SM-A035G,Samsung,Galaxy A03,2021-11,78,43,51,63,57,86,4 GB,64 GB,4,64,SM-A035G,1
4385,Smartphone,Samsung Galaxy A03s SM-A037G,Samsung,Galaxy A03s,2021-08,79,58,66,77,59,87,3 GB,32 GB,3,32,SM-A037G,1
4386,Smartphone,Samsung Galaxy A12 SM-A125F,Samsung,Galaxy A12,2020-11,81,58,62,77,76,79,3 GB,32 GB,3,32,SM-A125F,1
4387,Smartphone,Samsung Galaxy A12 SM-A127F,Samsung,Galaxy A12,2021-07,81,58,62,77,75,80,3 GB,32 GB,3,32,SM-A127F,1
4388,Smartphone,Samsung Galaxy A12 SM-A127M,Samsung,Galaxy A12,2021-07,81,58,62,77,76,80,3 GB,32 GB,3,32,SM-A127M,1
4389,Smartphone,Samsung Galaxy A13 SM-A135F,Samsung,Galaxy A13,2022-04,78,42,56,77,66,81,4 GB,64 GB,4,64,SM-A135F,1
4390,Smartphone,Samsung Galaxy A13 SM-A135F,Samsung,Galaxy A13,2022-03,82,58,56,77,74,82,3 GB,32 GB,3,32,SM-A135F,1
4391,Smartphone,Samsung Galaxy A13 5G SM-A136B,Samsung,Galaxy A13 5G,2022-05,74,58,62,77,68,71,4 GB,128 GB,4,128,SM-A136B,1
4392,Smartphone,Samsung Galaxy A13 4G SM-A137F,Samsung,Galaxy A13 4G,2022-07,78,52,56,77,71,77,4 GB,64 GB,4,64,SM-A137F,1
4393,Smartphone,Samsung Galaxy A13 4G SM-A137F,Samsung,Galaxy A13 4G,2022-07,79,52,56,77,75,77,3 GB,32 GB,3,32,SM-A137F,1
4394,Smartphone,Samsung Galaxy A20e SM-A202F,Samsung,Galaxy A20e,2019-04,85,71,66,66,80,85,3 GB,32 GB,3,32,SM-A202F,1
4395,Smartphone,Samsung Galaxy A21s SM-A217F,Samsung,Galaxy A21s,2020-05,78,71,66,66,75,75,3 GB,32 GB,3,32,SM-A217F,1
4396,Smartphone,Samsung Galaxy A22 4G SM-A225F,Samsung,Galaxy A22 4G,2021-06,78,58,62,77,74,76,4 GB,64 GB,4,64,SM-A225F,1
4397,Smartphone,Samsung Galaxy A22 5G SM-A226B,Samsung,Galaxy A22 5G,2021-06,77,58,66,81,73,74,4 GB,64 GB,4,64,SM-A226B,1
4398,Smartphone,Samsung Galaxy A32 4G SM-A325F,Samsung,Galaxy A32 4G,2021-02,81,58,62,77,71,82,4 GB,128 GB,4,128,SM-A325F,1
4399,Smartphone,Samsung Galaxy A32 5G SM-A326B,Samsung,Galaxy A32 5G,2020-01,78,58,62,77,71,78,4 GB,128 GB,4,128,SM-A326B,1
4400,Smartphone,Samsung Galaxy A33 5G SM-A336B,Samsung,Galaxy A33 5G,2022-04,76,66,62,77,63,79,6 GB,128 GB,6,128,SM-A336B,1
4401,Smartphone,Samsung Galaxy A41 SM-A415F,Samsung,Galaxy A41,2020-03,79,58,62,77,75,76,4 GB,64 GB,4,64,SM-A415F,1
4402,Smartphone,Samsung Galaxy A42 5G SM-A426B,Samsung,Galaxy A42 5G,2021-01,75,58,62,77,57,81,4 GB,128 GB,4,128,SM-A426B,1
4403,Smartphone,Samsung Galaxy A51 5G SM-A516B,Samsung,Galaxy A51 5G,2020-05,77,71,66,66,71,75,6 GB,128 GB,6,128,SM-A516B,1
4404,Smartphone,Samsung Galaxy A52 SM-A525F,Samsung,Galaxy A52,2021-03,84,66,62,77,81,82,6 GB,128 GB,6,128,SM-A525F,1
4405,Smartphone,Samsung Galaxy A52s 5G SM-A528B,Samsung,Galaxy A52s 5G,2021-08,84,66,62,77,79,84,6 GB,128 GB,6,128,SM-A528B,1
4406,Smartphone,Samsung Galaxy A53 5G SM-A536B,Samsung,Galaxy A53 5G,2022-03,77,66,65,77,68,77,6 GB,128 GB,6,128,SM-A536B,1
4407,Smartphone,Samsung Galaxy A71 SM-A715F,Samsung,Galaxy A71,2019-12,78,71,66,66,71,78,6 GB,128 GB,6,128,SM-A715F,1
4408,Smartphone,Samsung Galaxy A72 4G SM-A725F,Samsung,Galaxy A72 4G,2021-03,80,66,62,77,73,81,6 GB,128 GB,6,128,SM-A725F,1
4409,Smartphone,Samsung Galaxy Note 20 Ultra 5G SM-N986B,Samsung,Galaxy Note 20 Ultra 5G,2020-08,68,79,69,66,63,65,12 GB,128 GB,12,128,SM-N986B,1
4410,Smartphone,Samsung Galaxy S20 FE SM-G780G,Samsung,Galaxy S20 FE,2020-09,83,66,65,77,78,82,6 GB,128 GB,6,128,SM-G780G,1
4411,Smartphone,Samsung Galaxy S20 FE 5G SM-G781B,Samsung,Galaxy S20 FE 5G,2020-09,77,79,69,66,71,76,6 GB,128 GB,6,128,SM-G781B,1
4412,Smartphone,Samsung Galaxy S20+ 5G SM-G986B,Samsung,Galaxy S20+ 5G,2020-03,75,71,69,66,69,73,12 GB,128 GB,12,128,SM-G986B,1
4413,Smartphone,Samsung Galaxy S21 5G SM-G991B,Samsung,Galaxy S21 5G,2021-01,85,66,65,77,77,86,8 GB,128 GB,8,128,SM-G991B,1
4414,Smartphone,Samsung Galaxy S21 FE 5G SM-G990E,Samsung,Galaxy S21 FE 5G,2022-01,72,66,65,77,50,79,6 GB,128 GB,6,128,SM-G990E,1
4415,Smartphone,Samsung Galaxy S21 FE 5G SM-G990B,Samsung,Galaxy S21 FE 5G,2021-01,74,66,65,77,58,79,8 GB,256 GB,8,256,SM-G990B,1
4416,Smartphone,Samsung Galaxy S21 FE 5G SM-G990B2,Samsung,Galaxy S21 FE 5G,2022-01,76,66,65,77,58,82,8 GB,256 GB,8,256,SM-G990B2,1
4417,Smartphone,Samsung Galaxy S21 FE 5G SM-G990B,Samsung,Galaxy S21 FE 5G,2022-01,80,66,65,77,75,79,6 GB,128 GB,6,128,SM-G990B,1
4418,Smartphone,Samsung Galaxy S21 FE 5G SM-G990B2,Samsung,Galaxy S21 FE 5G,2022-01,82,66,65,77,75,83,6 GB,128 GB,6,128,SM-G990B2,1
4419,Smartphone,Samsung Galaxy S21 Ultra 5G SM-G998B,Samsung,Galaxy S21 Ultra 5G,2021-01,80,66,65,77,71,80,12 GB,256 GB,12,256,SM-G998B,1
4420,Smartphone,Samsung Galaxy S21+ 5G SM-G996B,Samsung,Galaxy S21+ 5G,2021-01,79,66,65,77,68,82,8 GB,128 GB,8,128,SM-G996B,1
4421,Smartphone,Samsung Galaxy S22 SM-S901B,Samsung,Galaxy S22,2022-02,74,66,65,77,58,78,8 GB,256 GB,8,256,SM-S901B,1
4422,Smartphone,Samsung Galaxy S22 SM-S901B,Samsung,Galaxy S22,2022-02,79,66,65,77,72,78,8 GB,128 GB,8,128,SM-S901B,1
4423,Smartphone,Samsung Galaxy S22 SM-S901E,Samsung,Galaxy S22,2022-02,79,66,65,77,74,78,8 GB,128 GB,8,128,SM-S901E,1
4424,Smartphone,Samsung Galaxy S22 Ultra SM-S908B,Samsung,Galaxy S22 Ultra,2022-02,73,66,65,77,59,76,8 GB,256 GB,8,256,SM-S908B,1
4425,Smartphone,Samsung Galaxy S22 Ultra SM-S908B,Samsung,Galaxy S22 Ultra,2022-02,77,66,65,77,69,76,8 GB,128 GB,8,128,SM-S908B,1
4426,Smartphone,Samsung Galaxy S22+ SM-S906B,Samsung,Galaxy S22+,2022-02,73,66,65,77,58,76,8 GB,256 GB,8,256,SM-S906B,1
4427,Smartphone,Samsung Galaxy S22+ SM-S906B,Samsung,Galaxy S22+,2022-02,78,66,65,77,72,76,8 GB,128 GB,8,128,SM-S906B,1
4428,Smartphone,Samsung Galaxy Xcover 4s SM-G398FN,Samsung,Galaxy Xcover 4s,2020-07,80,79,79,66,81,75,3 GB,32 GB,3,32,SM-G398FN,1
4429,Smartphone,Samsung Galaxy XCover Pro SM-G715FN,Samsung,Galaxy XCover Pro,2020-01,80,66,76,77,74,79,4 GB,64 GB,4,64,SM-G715FN,1
4430,Smartphone,Samsung Galaxy XCover6 Pro ,Samsung,Galaxy XCover6 Pro,2022-07,78,66,79,77,64,81,6 GB,128 GB,6,128,,1
4431,Smartphone,Samsung Galaxy Z Flip SM-F700F,Samsung,Galaxy Z Flip,2020-02,81,58,62,77,75,80,8 GB,256 GB,8,256,SM-F700F,1
4432,Smartphone,Samsung Galaxy Z Flip 5G SM-F707B,Samsung,Galaxy Z Flip 5G,2020-07,79,58,62,77,74,78,8 GB,256 GB,8,256,SM-F707B,1
4433,Smartphone,Samsung Galaxy Z Flip3 5G SM-F711B,Samsung,Galaxy Z Flip3 5G,2021-08,74,62,62,77,65,73,8 GB,256 GB,8,256,SM-F711B,1
4434,Smartphone,Samsung Galaxy Z Flip3 5G SM-F711B,Samsung,Galaxy Z Flip3 5G,2021-08,78,62,62,77,79,74,8 GB,128 GB,8,128,SM-F711B,1
4435,Smartphone,Samsung Galaxy Z Fold2 5G SM-F916B,Samsung,Galaxy Z Fold2 5G,2020-08,70,58,62,77,54,73,12 GB,256 GB,12,256,SM-F916B,1
4436,Smartphone,Samsung Galaxy Z Fold3 5G SM-F926B,Samsung,Galaxy Z Fold3 5G,2021-08,74,62,62,77,67,73,12 GB,256 GB,12,256,SM-F926B,1
4437,Smartphone,Samsung Galaxy A13 SM-A135F,Samsung,Galaxy A13,2022-03,81,58,56,77,71,82,4 GB,64 GB,4,64,SM-A135F,1
4438,Smartphone,Samsung Galaxy A73 5G SM-A736B,Samsung,Galaxy A73 5G,2022-04,81,66,62,77,66,87,8 GB,128 GB,8,128,SM-A736B,1
4439,Smartphone,Samsung Galaxy S22 SM-S901E,Samsung,Galaxy S22,2022-02,75,66,65,77,61,78,8 GB,256 GB,8,256,SM-S901E,1
4440,Smartphone,Samsung Galaxy S22+ SM-S906E,Samsung,Galaxy S22+,2022-02,74,66,65,77,60,76,8 GB,256 GB,8,256,SM-S906E,1
4441,Smartphone,Samsung Galaxy S22+ SM-S906E,Samsung,Galaxy S22+,2022-02,78,66,65,77,74,76,8 GB,128 GB,8,128,SM-S906E,1
4442,Smartphone,Samsung Galaxy S22 Ultra SM-S908B,Samsung,Galaxy S22 Ultra,2022-02,69,66,65,77,46,76,12 GB,512 GB,12,512,SM-S908B,1
4443,Smartphone,Samsung Galaxy S22 Ultra SM-S908B,Samsung,Galaxy S22 Ultra,2022-02,72,66,65,77,56,76,12 GB,256 GB,12,256,SM-S908B,1
4444,Smartphone,Samsung Galaxy S22 Ultra SM-S908E,Samsung,Galaxy S22 Ultra,2022-02,73,66,65,77,59,76,12 GB,256 GB,12,256,SM-S908E,1
4445,Smartphone,Sony Xperia L4 XQ-AD51,Sony,Xperia L4,2020-04,77,31,46,68,53,86,3 GB,64 GB,3,64,XQ-AD51,1
4446,Smartphone,Sony Xperia 10 II XQ-AU51,Sony,Xperia 10 II,2020-06,77,56,42,68,54,86,4 GB,128 GB,4,128,XQ-AU51,1
4447,Smartphone,Sony Xperia 5 II XQ-AS52,Sony,Xperia 5 II,2020-10,67,62,50,69,29,83,8 GB,128 GB,8,128,XQ-AS52,1
4448,Smartphone,Sony Xperia 10 III XQ-BT52,Sony,Xperia 10 III,2021-06,71,73,47,65,63,69,6 GB,128 GB,6,128,XQ-BT52,1
4449,Smartphone,Sony Xperia 1 III XQ-BC52,Sony,Xperia 1 III,2021-08,66,67,50,78,15,89,12 GB,256 GB,12,256,XQ-BC52,1
4450,Smartphone,Sony Xperia 5 III XQ-BQ52,Sony,Xperia 5 III,2021-09,68,67,50,78,25,87,8 GB,128 GB,8,128,XQ-BQ52,1
4451,Smartphone,Sony Xperia PRO-I XQ-BE52,Sony,Xperia PRO-I,2021-12,58,67,43,70,0,86,12 GB,512 GB,12,512,XQ-BE52,1
4452,Smartphone,Sony Xperia 10 IV XQ-CC54,Sony,Xperia 10 IV,2022-06,71,78,66,69,68,66,6 GB,128 GB,6,128,XQ-CC54,1
4453,Smartphone,Sony Xperia 1 IV XQ-CT54,Sony,Xperia 1 IV,2022-06,65,67,50,75,19,84,12 GB,256 GB,12,256,XQ-CT54,1
4454,Smartphone,TCL Alcatel 1S (2020) 5028D,TCL,Alcatel 1S (2020),2020-01,75,46,53,53,55,81,3 GB,32 GB,3,32,5028D,1
4455,Smartphone,TCL 10 Pro T799H,TCL,10 Pro,2020-03,77,37,49,51,52,87,6 GB,128 GB,6,128,T799H,1
4456,Smartphone,TCL 10 5G T790Y,TCL,10 5G,2020-06,69,37,49,57,38,80,6 GB,128 GB,6,128,T790Y,1
4457,Smartphone,TCL 10 Plus T782H,TCL,10 Plus,2020-06,79,37,49,51,52,90,6 GB,128 GB,6,128,T782H,1
4458,Smartphone,TCL 10L T770,TCL,10L,2020-03,73,35,52,57,49,81,6 GB,128 GB,6,128,T770,1
4459,Smartphone,TCL Alcatel 1S (2021) 6025D,TCL,Alcatel 1S (2021),2021-01,74,41,56,50,53,80,3 GB,32 GB,3,32,6025D,1
4460,Smartphone,TCL 20L T774H,TCL,20L,2021-06,75,38,50,61,45,87,4 GB,128 GB,4,128,T774H,1
4461,Smartphone,TCL Alcatel 1B (2020) 5002H,TCL,Alcatel 1B (2020),2020-09,78,33,57,58,49,90,2 GB,32 GB,2,32,5002H,1
4462,Smartphone,TCL 20R 5G T767H,TCL,20R 5G,2021-08,75,39,57,56,39,91,4 GB,128 GB,4,128,T767H,1
4463,Smartphone,TCL 20 5G T781K,TCL,20 5G,2020-11,75,28,57,60,46,87,6 GB,256 GB,6,256,T781K,1
4464,Smartphone,TCL Alcatel 1 (2021) 5033YR,TCL,Alcatel 1 (2021),2021-07,82,29,67,59,62,91,1 GB,8 GB,1,8,5033YR,1
4465,Smartphone,TCL 306 6102H,TCL,306,2022-01,77,27,55,56,50,87,3 GB,32 GB,3,32,6102H,1
4466,Smartphone,TCL 30 SE 6165H,TCL,30 SE,2021-12,68,27,55,56,53,70,4 GB,64 GB,4,64,6165H,1
4467,Smartphone,TCL 30 SE 6165H1,TCL,30 SE,2021-12,66,27,55,56,47,70,4 GB,128 GB,4,128,6165H1,1
4468,Smartphone,TCL Alcatel  1B (2022) 5031G,TCL,Alcatel  1B (2022),2022-02,70,39,61,67,58,71,2 GB,32 GB,2,32,5031G,1
4469,Smartphone,TCL 30 5G T776H1,TCL,30 5G,2022-04,78,56,66,51,57,85,4 GB,128 GB,4,128,T776H1,1
4470,Smartphone,TCL 30 5G T776H,TCL,30 5G,2022-04,79,56,66,51,61,85,4 GB,64 GB,4,64,T776H,1
4471,Smartphone,vivo Y21s PD2138CF_EX,vivo,Y21s,2021-10,74,67,72,58,56,79,4 GB,128 GB,4,128,PD2138CF_EX,1
4472,Smartphone,vivo Y76 PD2156BF_EX,vivo,Y76,2022-02,70,67,70,54,53,73,8 GB,256 GB,8,256,PD2156BF_EX,1
4473,Smartphone,Xiaomi Redmi 7A M1903C3EG,Xiaomi,Redmi 7A,2019-06,84,62,43,31,70,88,2 GB,32 GB,2,32,M1903C3EG,1
4474,Smartphone,Xiaomi Redmi 8A M1908C3KG,Xiaomi,Redmi 8A,2019-10,83,62,43,31,69,88,2 GB,32 GB,2,32,M1908C3KG,1
4475,Smartphone,Xiaomi Mi10T Pro M2007J3SY,Xiaomi,Mi10T Pro,2020-09,67,40,43,33,18,88,8 GB,256 GB,8,256,M2007J3SY,1
4476,Smartphone,Xiaomi Redmi 9A M2006C3LG,Xiaomi,Redmi 9A,2020-06,35,45,46,35,50,11,6 GB,128 GB,6,128,M2006C3LG,1
4477,Smartphone,Xiaomi Mi 10 lite M2002J9G,Xiaomi,Mi 10 lite,2020-09,79,40,46,35,47,93,6 GB,128 GB,6,128,M2002J9G,1
4478,Smartphone,Xiaomi Mi 10T lite M2007J17G,Xiaomi,Mi 10T lite,2020-09,74,40,46,32,46,85,6 GB,128 GB,6,128,M2007J17G,1
4479,Smartphone,Xiaomi Mi 11 M2011K2G,Xiaomi,Mi 11,2021-02,68,54,47,32,22,89,8 GB,256 GB,8,256,M2011K2G,1
4480,Smartphone,Xiaomi Mi 11 lite 5G M2101K9G,Xiaomi,Mi 11 lite 5G,2021-03,75,50,46,32,52,84,8 GB,128 GB,8,128,M2101K9G,1
4481,Smartphone,Xiaomi Redmi 9T M2010J19SY,Xiaomi,Redmi 9T,2020-11,58,46,49,32,53,51,6 GB,128 GB,6,128,M2010J19SY,1
4482,Smartphone,Xiaomi Redmi Note 10 M2101K7AG,Xiaomi,Redmi Note 10,2021-03,80,45,49,46,56,89,4 GB,128 GB,4,128,M2101K7AG,1
4483,Smartphone,Xiaomi Redmi Note 10 5G M2103K19G,Xiaomi,Redmi Note 10 5G,2021-04,79,56,49,42,48,93,6 GB,128 GB,6,128,M2103K19G,1
4484,Smartphone,Xiaomi Redmi Note 10S M2101K7BG,Xiaomi,Redmi Note 10S,2021-03,82,56,52,46,61,90,6 GB,128 GB,6,128,M2101K7BG,1
4485,Smartphone,Xiaomi Redmi Note 10 Pro M2101K6G,Xiaomi,Redmi Note 10 Pro,2021-03,83,40,52,46,65,89,8 GB,128 GB,8,128,M2101K6G,1
4486,Smartphone,Xiaomi Redmi Note 9T 5G M2007J22G,Xiaomi,Redmi Note 9T 5G,2020-12,68,38,49,46,40,77,4 GB,128 GB,4,128,M2007J22G,1
4487,Smartphone,Xiaomi Mi 11 Ultra M2102K1G,Xiaomi,Mi 11 Ultra,2021-04,67,62,51,40,22,87,12 GB,256 GB,12,256,M2102K1G,1
4488,Smartphone,Xiaomi Redmi Note 10 5G M2103K19G,Xiaomi,Redmi Note 10 5G,2021-04,79,56,52,42,49,93,4 GB,128 GB,4,128,M2103K19G,1
4489,Smartphone,Xiaomi Mi 11T Pro 2107113SG,Xiaomi,Mi 11T Pro,2021-09,69,40,47,40,26,87,12 GB,256 GB,12,256,2107113SG,1
4490,Smartphone,Xiaomi Mi 11T Pro 2107113SG,Xiaomi,Mi 11T Pro,2021-10,69,40,47,40,26,87,8 GB,256 GB,8,256,2107113SG,1
4491,Smartphone,Xiaomi Mi 11T Pro 2107113SG,Xiaomi,Mi 11T Pro,2021-09,70,40,47,40,30,87,8 GB,128 GB,8,128,2107113SG,1
4492,Smartphone,Xiaomi Redmi 10 21061119DG,Xiaomi,Redmi 10,2021-10,72,43,43,40,53,76,4 GB,128 GB,4,128,21061119DG,1
4493,Smartphone,Xiaomi Mi 11T 21081111RG,Xiaomi,Mi 11T,2021-09,73,40,47,44,35,89,8 GB,256 GB,8,256,21081111RG,1
4494,Smartphone,Xiaomi 11 Lite 5G NE 2109119DG,Xiaomi,11 Lite 5G NE,2021-09,73,50,50,40,49,82,8 GB,256 GB,8,256,2109119DG,1
4495,Smartphone,Xiaomi 11 Lite 5G NE 2109119DG,Xiaomi,11 Lite 5G NE,2021-09,73,50,50,40,49,82,8 GB,128 GB,8,128,2109119DG,1
4496,Smartphone,Xiaomi Mi 11 lite M2101K9AG,Xiaomi,Mi 11 lite,2021-03,77,34,49,38,53,87,8 GB,128 GB,8,128,M2101K9AG,1
4497,Smartphone,Xiaomi Redmi 10 2022 22011119UY,Xiaomi,Redmi 10 2022,2022-04,79,48,43,45,48,93,4 GB,128 GB,4,128,22011119UY,1
4498,Smartphone,Xiaomi 12 Pro 2201122G,Xiaomi,12 Pro,2022-03,66,50,43,44,19,87,12 GB,256 GB,12,256,2201122G,1
4499,Smartphone,Xiaomi Redmi Note 11 Pro 5G 2201116SG,Xiaomi,Redmi Note 11 Pro 5G,2022-02,75,50,50,45,44,89,8 GB,256 GB,8,256,2201116SG,1
4500,Smartphone,Xiaomi 12 2201123G,Xiaomi,12,2022-03,75,50,46,46,39,90,12 GB,256 GB,12,256,2201123G,1
4501,Smartphone,Xiaomi 12 2201123G,Xiaomi,12,2022-03,75,50,46,46,39,90,8 GB,256 GB,8,256,2201123G,1
4502,Smartphone,Xiaomi Redmi Note 11 2201117TY,Xiaomi,Redmi Note 11,2022-01,83,50,49,54,59,93,4 GB,128 GB,4,128,2201117TY,1
4503,Smartphone,Xiaomi Redmi Note 11 2201117TY,Xiaomi,Redmi Note 11,2022-01,83,50,49,54,59,93,6 GB,128 GB,6,128,2201117TY,1
4504,Smartphone,Xiaomi Redmi 10A 220233L2G,Xiaomi,Redmi 10A,2022-04,73,51,53,42,54,78,3 GB,32 GB,3,32,220233L2G,1
4505,Smartphone,Xiaomi Redmi 10 5G 22041219NY,Xiaomi,Redmi 10 5G,2022-03,70,38,49,46,37,84,4 GB,64 GB,4,64,22041219NY,1
4506,Smartphone,Xiaomi 12 Lite 2203129G,Xiaomi,12 Lite,2022-06,78,50,49,46,47,93,8 GB,256 GB,8,256,2203129G,1
4507,Smartphone,Xiaomi 12 Lite 2203129G,Xiaomi,12 Lite,2022-06,80,50,49,46,51,93,8 GB,128 GB,8,128,2203129G,1
4508,Smartphone,Xiaomi 12 Lite 2203129G,Xiaomi,12 Lite,2022-06,80,50,49,46,53,93,6 GB,128 GB,6,128,2203129G,1
4509,Smartphone,ZTE Blade A5 2020 ,ZTE,Blade A5 2020,2020-07,72,37,45,56,54,76,2 GB,32 GB,2,32,,1
4510,Feature phone,MobiWire Hapi 52 GM2871,MobiWire,Hapi 52,2022-06,55,67,71,63,50,57,524 MB,4 GB,0,4,GM2871,1
4511,Feature phone,Nokia 8210 4G TA-1507,Nokia,8210 4G,2022-06,82,37,56,68,81,79,49 MB,128 MB,0,0,TA-1507,1
4512,Feature phone,CAT B40 ,CAT,B40,2021-04,60,62,57,58,71,42,64 MB,128 MB,0,0,,1
4513,Feature phone,Doro 5861 DFB-0370,Doro,5861,2022-01,69,32,75,55,76,56,64 MB,128 MB,0,0,DFB-0370,1
4514,Feature phone,Doro 6821 DFC-0380,Doro,6821,2022-01,62,32,75,51,75,43,64 MB,128 MB,0,0,DFC-0380,1
4515,Feature phone,Doro 6881 DFC-0390,Doro,6881,2022-01,63,32,75,51,75,46,64 MB,128 MB,0,0,DFC-0390,1
4516,Feature phone,MobiWire NF05 6620,MobiWire,NF05,2020-05,42,39,67,56,53,25,66 MB,131 MB,0,0,6620,1
4517,Feature phone,MobiWire Oneida Lite GM2809D,MobiWire,Oneida Lite,,55,39,69,52,54,53,512 MB,4 GB,0,4,GM2809D,1
4518,Feature phone,MobiWire Hapi 52 GM2871,MobiWire,Hapi 52,2022-06,55,67,71,63,50,57,512 MB,4 GB,0,4,GM2871,1
4519,Feature phone,TCL Alcatel 2053 ,TCL,Alcatel 2053,2018-09,90,50,55,57,88,88,4 MB,4 MB,0,0,,1
4520,Feature phone,TCL Alcatel 3080 3080G,TCL,Alcatel 3080,2020-06,69,42,60,54,75,57,64 MB,128 MB,0,0,3080G,1
4521,Feature phone,TCL Alcatel 3082 3082X,TCL,Alcatel 3082,2020-11,64,48,58,47,73,49,64 MB,128 MB,0,0,3082X,1
4522,Feature phone,TCL Alcatel 3085 3085X,TCL,Alcatel 3085,2021-04,62,37,53,42,71,46,48 MB,128 MB,0,0,3085X,1
4523,Feature phone,TCL Alcatel 2057 2057X,TCL,Alcatel 2057,2022-01,79,45,51,61,81,72,4 MB,4 MB,0,0,2057X,1
4524,Feature phone,TCL Alcatel 2020 2020X,TCL,Alcatel 2020,2022-01,74,45,65,66,77,66,4 MB,16 MB,0,0,2020X,1
4550,Smartphone,TCL 403 T431D/T431U,TCL,403,2022-11,91,53,41,70,77,89,2 GB,32 GB,2,32,T431D/T431U,3
4551,Smartphone,Xiaomi 13 Pro 2210132G,Xiaomi,13 Pro,2023-02,75,79,41,54,63,71,12 GB,256 GB,12,256,2210132G,3
4552,Smartphone,Xiaomi 13 2211133G,Xiaomi,13,2023-02,82,72,41,54,70,78,8 GB,256 GB,8,256,2211133G,3
4553,Smartphone,Motorola moto g53 5G XT2335-1,Motorola,moto g53 5G,2023-02,83,76,51,62,80,72,6 GB,128 GB,6,128,XT2335-1,3
4554,Smartphone,Motorola moto g53 5G XT2335-1,Motorola,moto g53 5G,2023-02,83,76,51,62,80,72,4 GB,128 GB,4,128,XT2335-1,3
4555,Smartphone,Motorola moto g53 5G XT2335-2,Motorola,moto g53 5G,2023-02,82,73,48,62,76,72,4 GB,128 GB,4,128,XT2335-2,3
4556,Smartphone,MobiWire NEVA SPARKLE GH5028,MobiWire,NEVA SPARKLE,2022-06,80,62,87,70,67,83,1 GB,16 GB,1,16,GH5028,1
4557,Smartphone,Xiaomi Redmi 12C 22126RN91Y,Xiaomi,Redmi 12C,2023-03,74,39,29,56,51,79,4 GB,128 GB,4,128,22126RN91Y,3
4558,Smartphone,TCL 406 T506K,TCL,406,2023-01,88,50,37,61,70,89,3 GB,32 GB,3,32,T506K,3
4559,Smartphone,Motorola moto e13 XT2345-1,Motorola,moto e13,2023-02,84,64,48,62,74,79,4 GB,64 GB,4,64,XT2345-1,3
4560,Smartphone,OnePlus 11 5G CPH2449,OnePlus,11 5G,2023-02,79,67,57,69,66,76,16 GB,256 GB,16,256,CPH2449,3
4561,Smartphone,Motorola ThinkPhone XT2309-2,Motorola,ThinkPhone,2023-02,87,88,55,62,84,76,8 GB,256 GB,8,256,XT2309-2,3
4562,Smartphone,Motorola moto g53 5G XT2335-2,Motorola,moto g53 5G,2023-02,83,73,48,62,77,72,4 GB,64 GB,4,64,XT2335-2,3
4563,Smartphone,Samsung Galaxy A04s SM-A047M,Samsung,Galaxy A04s,2022-09,76,46,62,77,64,79,4 GB,128 GB,4,128,SM-A047M,1
4564,Smartphone,TCL 201 5033TP,TCL,201,2021-12,81,51,64,67,51,95,1 GB,32 GB,1,32,5033TP,1
4565,Smartphone,Samsung Galaxy M23 SM-M236B,Samsung,Galaxy M23,2022-04,80,46,62,68,72,80,6 GB,128 GB,6,128,SM-M236B,1
4566,Smartphone,Samsung Galaxy A04e SM-A042M/DS,Samsung,Galaxy A04e,2022-09,72,37,51,63,57,74,3 GB,64 GB,3,64,SM-A042M/DS,1
4567,Smartphone,Motorola moto g73 5G XT2237-2,Motorola,moto g73 5G,2023-02,81,67,47,78,70,76,8 GB,256 GB,8,256,XT2237-2,3
4568,Smartphone,HONOR X7a RKY-LX3,HONOR,X7a,2023-01,73,48,36,65,66,66,6 GB,128 GB,6,128,RKY-LX3,3
4569,Smartphone,HONOR Magic 5 Lite RMO-NX1,HONOR,Magic 5 Lite,2022-12,79,53,63,63,63,84,8 GB,256 GB,8,256,RMO-NX1,1
4570,Feature phone,MobiWire MBW Hinto 4G SL242 GX2421,MobiWire,MBW Hinto 4G,2020-08,76,37,70,54,81,67,66 MB,131 MB,0,0,SL242 GX2421,1
4571,Smartphone,Xiaomi Redmi 12C 22126RN91Y,Xiaomi,Redmi 12C,2023-03,78,39,29,56,61,79,3 GB,32 GB,3,32,22126RN91Y,3
4572,Smartphone,Xiaomi Redmi 12C 22126RN91Y,Xiaomi,Redmi 12C,2023-03,77,39,29,56,58,79,3 GB,64 GB,3,64,22126RN91Y,3
4573,Smartphone,Xiaomi Redmi Note 12 Pro 5G 22101316G,Xiaomi,Redmi Note 12 Pro 5G,2023-04,80,52,36,54,73,74,6 GB,128 GB,6,128,22101316G,3
4574,Smartphone,Xiaomi Redmi Note 12 5G 22111317G,Xiaomi,Redmi Note 12 5G,2023-04,76,52,36,60,67,71,4 GB,128 GB,4,128,22111317G,3
4575,Smartphone,Xiaomi Redmi A2 23028RN4DG,Xiaomi,Redmi A2,2023-03,81,55,31,48,71,77,2 GB,32 GB,2,32,23028RN4DG,3
4576,Smartphone,Xiaomi Redmi Note 12 23021RAAEI,Xiaomi,Redmi Note 12,2023-04,84,56,34,50,80,74,4 GB,128 GB,4,128,23021RAAEI,3
4577,Smartphone,Xiaomi Redmi Note 12 Pro 5G 22101316G,Xiaomi,Redmi Note 12 Pro 5G,2023-04,81,52,36,54,74,74,8 GB,256 GB,8,256,22101316G,3
4578,Smartphone,Xiaomi Redmi Note 12 23021RAAEI,Xiaomi,Redmi Note 12,2023-04,84,56,34,50,81,74,4 GB,64 GB,4,64,23021RAAEI,3
4579,Smartphone,Xiaomi Redmi Note 12 5G 22111317G,Xiaomi,Redmi Note 12 5G,2023-04,75,52,36,60,65,71,6 GB,128 GB,6,128,22111317G,3
4580,Smartphone,Xiaomi 13 Lite 2210129SG,Xiaomi,13 Lite,2023-03,77,52,41,54,63,75,8 GB,128 GB,8,128,2210129SG,3
4581,Smartphone,Xiaomi 13 Lite 2210129SG,Xiaomi,13 Lite,2023-03,75,52,41,54,59,75,8 GB,256 GB,8,256,2210129SG,3
4582,Smartphone,Xiaomi Redmi Note 12 Pro+ 5G 22101316UG,Xiaomi,Redmi Note 12 Pro+ 5G,2023-04,75,52,36,54,70,67,8 GB,256 GB,8,256,22101316UG,3
4583,Smartphone,Nokia C22 TA-1533,Nokia,C22,2023-03,71,44,39,77,66,63,2 GB,64 GB,2,64,TA-1533,3
4584,Smartphone,Nokia C22 TA-1533,Nokia,C22,2023-03,71,44,39,77,66,63,3 GB,64 GB,3,64,TA-1533,3
4585,Smartphone,HONOR 70 Lite RBN-NX1,HONOR,70 Lite,2023-03,80,48,40,65,72,73,4 GB,128 GB,4,128,RBN-NX1,3
4586,Smartphone,OnePlus Nord CE3 Lite 5G CPH2465,OnePlus,Nord CE3 Lite 5G,2023-04,76,54,45,61,62,73,8 GB,128 GB,8,128,CPH2465,3
4587,Smartphone,Motorola moto g23 XT2333-3,Motorola,moto g23,2023-02,81,73,48,62,79,69,4 GB,128 GB,4,128,XT2333-3,3
4588,Smartphone,HONOR Magic5 Pro PGT-N19,HONOR,Magic5 Pro,2023-02,80,75,64,65,79,68,12 GB,512 GB,12,512,PGT-N19,3
4589,Smartphone,Huawei Mate 50 Pro DCO-LX9,Huawei,Mate 50 Pro,2022-01,76,67,75,65,51,85,8 GB,256 GB,8,256,DCO-LX9,1
4590,Smartphone,vivo X80 pro V2145,vivo,X80 pro,2022-07,66,62,63,54,39,75,12 GB,256 GB,12,256,V2145,1
4591,Feature phone,TCL onetouch 4041 T311D,TCL,onetouch 4041,2023-04,77,40,29,58,78,77,48 MB,128 MB,0,0,T311D,3
4592,Smartphone,Nokia C32 TA-1534,Nokia,C32,2023-03,71,44,39,77,66,63,3 GB,64 GB,3,64,TA-1534,3
4593,Smartphone,Motorola Razr 40 ultra XT2321-1,Motorola,Razr 40 ultra,2023-05,75,52,53,56,62,73,8 GB,256 GB,8,256,XT2321-1,3
4594,Smartphone,Motorola moto edge 40 XT2303-2,Motorola,moto edge 40,2023-05,82,78,53,58,73,75,8 GB,256 GB,8,256,XT2303-2,3
4595,Smartphone,Samsung Galaxy A04 SM-A045F,Samsung,Galaxy A04,2022-09,78,35,57,75,68,79,3 GB,32 GB,3,32,SM-A045F,1
4596,Smartphone,CROSSCALL CORE-X5 CORE-X5,CROSSCALL,CORE-X5,,74,85,72,57,54,81,4 GB,64 GB,4,64,CORE-X5,1
4599,Smartphone,vivo V29 Lite 5G V2244,vivo,V29 Lite 5G,2023-06,81,74,61,67,78,71,8 GB,128 GB,8,128,V2244,3
4600,Smartphone,Xiaomi Redmi 12 23053RN02Y,Xiaomi,Redmi 12,2023-06,75,52,42,52,65,70,4 GB,128 GB,4,128,23053RN02Y,3
4601,Smartphone,Xiaomi Redmi 12 23053RN02Y,Xiaomi,Redmi 12,2023-06,57,52,48,52,52,61,8 GB,256 GB,8,256,23053RN02Y,2
4602,Smartphone,REALME C55 RMX3710,REALME,C55,2023-03,81,55,51,57,70,75,6 GB,128 GB,6,128,RMX3710,3
4639,Smartphone,Deutsche Telekom AG T Phone Pro S98215,Deutsche Telekom AG,T Phone Pro,2022-10,68,54,52,65,36,80,6 GB,128 GB,6,128,S98215,1
4640,Smartphone,Fairphone 5 5G TOM,Fairphone,5 5G,2023-08,89,67,90,91,91,74,8 GB,256 GB,8,256,TOM,3
4641,Smartphone,HONOR 90 lite CRT-NX1,HONOR,90 lite,2023-07,74,48,36,65,64,69,8 GB,256 GB,8,256,CRT-NX1,3
4642,Smartphone,HONOR 90 REA-NX9,HONOR,90,2023-07,81,69,69,65,76,72,12 GB,512 GB,12,512,REA-NX9,3
4643,Smartphone,HONOR HONOR 90 REA-NX9,HONOR,HONOR 90,2023-07,83,69,69,65,79,73,8 GB,256 GB,8,256,REA-NX9,3
4644,Smartphone,HONOR X8a CRT-LX1,HONOR,X8a,2023-03,75,48,36,65,68,68,6 GB,128 GB,6,128,CRT-LX1,3
4645,Smartphone,Motorola moto edge 40 neo XT2307-1,Motorola,moto edge 40 neo,2023-09,78,78,39,57,62,77,12 GB,256 GB,12,256,XT2307-1,3
4646,Smartphone,Motorola moto g14 XT2341-3,Motorola,moto g14,2023-08,84,79,39,59,71,81,4 GB,128 GB,4,128,XT2341-3,3
4647,Smartphone,Motorola moto G14 XT2341-2,Motorola,moto G14,2023-08,83,73,39,59,69,80,4 GB,128 GB,4,128,XT2341-2,3
4648,Smartphone,Motorola moto g54 5G XT2343-2,Motorola,moto g54 5G,2023-09,80,62,39,62,68,76,8 GB,256 GB,8,256,XT2343-2,3
4649,Smartphone,Motorola moto g54 5G XT2343-2 / XT2343-1,Motorola,moto g54 5G,2023-09,83,62,39,62,75,76,4 GB,128 GB,4,128,XT2343-2 / XT2343-1,3
4650,Smartphone,Motorola moto g84 5G XT2347-1,Motorola,moto g84 5G,2023-09,81,77,48,65,73,74,8 GB,256 GB,8,256,XT2347-1,3
4651,Smartphone,Motorola Razr 40 XT2323-1,Motorola,Razr 40,2023-07,72,52,49,59,62,68,8 GB,256 GB,8,256,XT2323-1,3
4652,Feature phone,Nokia 105 4G TA-1551,Nokia,105 4G,2023-05,65,41,37,81,71,57,49 MB,131 MB,0,0,TA-1551,3
4653,Feature phone,Nokia 110 4G TA-1543,Nokia,110 4G,2023-05,65,41,37,81,69,57,49 MB,131 MB,0,0,TA-1543,3
4654,Feature phone,Nokia 2660 Flip TA-1469,Nokia,2660 Flip,2022-05,57,45,33,55,57,52,49 MB,131 MB,0,0,TA-1469,3
4655,Smartphone,Nokia G22 TA-1516,Nokia,G22,2023-03,81,56,58,91,74,73,6 GB,256 GB,6,256,TA-1516,3
4656,Smartphone,Nokia G22 TA-1516,Nokia,G22,2023-03,86,56,58,91,85,73,4 GB,64 GB,4,64,TA-1516,3
4657,Smartphone,Nokia G42 5G TA-1581,Nokia,G42 5G,2023-04,83,63,66,93,78,74,6 GB,128 GB,6,128,TA-1581,3
4658,Smartphone,NOTHING Phone (2） 22111,NOTHING,Phone (2）,2023-07,78,59,50,61,69,72,12 GB,256 GB,12,256,22111,3
4659,Smartphone,OnePlus Nord3 5G CPH2493,OnePlus,Nord3 5G,2023-07,78,66,45,62,70,71,16 GB,256 GB,16,256,CPH2493,3
4660,Smartphone,OPPO A38 CPH2579,OPPO,A38,2023-09,81,59,43,60,69,76,4 GB,128 GB,4,128,CPH2579,3
4661,Smartphone,OPPO A58 CPH2577,OPPO,A58,2023-08,80,59,43,55,67,76,6 GB,128 GB,6,128,CPH2577,3
4662,Smartphone,OPPO A98 5G CPH2529,OPPO,A98 5G,2023-07,80,54,53,59,69,75,8 GB,128 GB,8,128,CPH2529,3
4663,Smartphone,OPPO Reno10 5G CPH2531,OPPO,Reno10 5G,2023-07,79,60,53,61,72,70,8 GB,256 GB,8,256,CPH2531,3
4664,Smartphone,REALME C51 RMX3830,REALME,C51,2023-08,80,55,49,59,69,75,4 GB,128 GB,4,128,RMX3830,3
4665,Smartphone,TCL 40 NxtPaper 5G T771K3,TCL,40 NxtPaper 5G,2023-09,77,47,37,51,67,72,6 GB,256 GB,6,256,T771K3,3
4666,Smartphone,vivo V29 V2250,vivo,V29,2023-08,83,89,57,67,81,73,8 GB,256 GB,8,256,V2250,3
4667,Smartphone,vivo Y36 V2247,vivo,Y36,2023-07,83,69,57,65,76,76,8 GB,256 GB,8,256,V2247,3
4668,Smartphone,Xiaomi 13T 2306EPN60G,Xiaomi,13T,2023-07,77,75,49,54,69,70,8 GB,256 GB,8,256,2306EPN60G,3
4669,Smartphone,Xiaomi 13T Pro 23078PND5G,Xiaomi,13T Pro,2023-08,76,75,49,54,67,69,12 GB,512 GB,12,512,23078PND5G,3
4670,Smartphone,Xiaomi 13T Pro 23078PND5G,Xiaomi,13T Pro,2023-08,74,75,49,54,65,69,16 GB,1 TB,16,1024,23078PND5G,3
4671,Smartphone,Xiaomi 13T Pro 23078PND5G,Xiaomi,13T Pro,2023-08,76,75,49,54,67,69,12 GB,256 GB,12,256,23078PND5G,3
4672,Smartphone,Xiaomi 13T 2306EPN60G,Xiaomi,13T,2023-07,77,75,49,54,69,70,12 GB,256 GB,12,256,2306EPN60G,3
4673,Smartphone,Xiaomi Redmi 12 5 G 23076RN8DY,Xiaomi,Redmi 12 5 G,2023-07,76,52,42,52,71,66,8 GB,128 GB,8,128,23076RN8DY,3
4674,Smartphone,Xiaomi Redmi 12 5 G 23076RN8DY,Xiaomi,Redmi 12 5 G,2023-07,74,52,42,52,67,66,8 GB,256 GB,8,256,23076RN8DY,3
4675,Smartphone,Xiaomi Redmi 12 23053RN02Y,Xiaomi,Redmi 12,2023-06,74,52,42,52,63,70,8 GB,256 GB,8,256,23053RN02Y,3
4676,Smartphone,Xiaomi Redmi Note 12S 2303ERA42L,Xiaomi,Redmi Note 12S,2023-05,74,52,34,52,64,69,6 GB,128 GB,6,128,2303ERA42L,3
4677,Smartphone,Xiaomi Redmi Note 12S 2303ERA42L,Xiaomi,Redmi Note 12S,2023-05,73,52,34,52,62,69,8 GB,256 GB,8,256,2303ERA42L,3
4692,Smartphone,HONOR Magic Vs FRI-NX9,HONOR,Magic Vs,2023-06,59,54,66,65,59,49,12 GB,512 GB,12,512,FRI-NX9,3
4693,Smartphone,Nokia XR21 TA-1486,Nokia,XR21,2023-04,78,84,47,85,84,60,6 GB,128 GB,6,128,TA-1486,3
4694,Smartphone,Nokia C12 TA-1535,Nokia,C12,2023-02,83,44,44,85,71,79,3 GB,64 GB,3,64,TA-1535,3
4695,Smartphone,Deutsche Telekom AG T Phone pro T Phone pro(2023),Deutsche Telekom AG,T Phone pro,2023-03,68,45,55,58,49,70,6 GB,256 GB,6,256,T Phone pro(2023),3
4696,Smartphone,TCL Smart M23 T431P,TCL,Smart M23,2022-11,85,47,34,70,72,82,2 GB,32 GB,2,32,T431P,3
4697,Smartphone,CAT S75 BM1S1B,CAT,S75,2023-02,83,84,43,80,70,79,6 GB,128 GB,6,128,BM1S1B,3
4698,Smartphone,Xiaomi Redmi 12 5G 23076RN8DY,Xiaomi,Redmi 12 5G,2023-07,78,52,42,52,75,67,4 GB,128 GB,4,128,23076RN8DY,3
4699,Smartphone,Xiaomi Redmi 12 23053RN02Y,Xiaomi,Redmi 12,2023-06,74,52,42,52,63,70,8 GB,128 GB,8,128,23053RN02Y,3
4700,Smartphone,ZTE Blade A73 5G ZTE 7160N,ZTE,Blade A73 5G,2023-06,63,30,31,63,40,71,4 GB,128 GB,4,128,ZTE 7160N,3
4701,Smartphone,HONOR X7a RKY-LX1,HONOR,X7a,2023-03,76,48,36,65,72,67,4 GB,128 GB,4,128,RKY-LX1,3
4702,Smartphone,Sony Xperia 5 V XQ-DE54,Sony,Xperia 5 V,2023-09,81,79,51,67,72,75,8 GB,128 GB,8,128,XQ-DE54,3
4703,Smartphone,CROSSCALL Stellar X5 Stellar X5,CROSSCALL,Stellar X5,2023-10,85,95,54,74,82,73,8 GB,128 GB,8,128,Stellar X5,3
4704,Smartphone,MobiWire Smart P24 GH6322B,MobiWire,Smart P24,2023-10,83,34,63,51,69,81,2 GB,32 GB,2,32,GH6322B,3
4705,Smartphone,Motorola moto g54 5G XT2343-6,Motorola,moto g54 5G,2023-09,80,62,39,62,66,77,12 GB,256 GB,12,256,XT2343-6,3
4706,Smartphone,vivo Y36 5G V2248,vivo,Y36 5G,2023-07,84,63,61,66,79,76,8 GB,256 GB,8,256,V2248,3
4707,Smartphone,vivo Y27 V2302,vivo,Y27,2023-09,84,63,61,66,79,76,8 GB,128 GB,8,128,V2302,3
4708,Smartphone,Xiaomi Redmi 13C 23100RN82L,Xiaomi,Redmi 13C,2023-12,79,49,37,58,73,71,6 GB,128 GB,6,128,23100RN82L,3
4709,Smartphone,Xiaomi Redmi 13C 23100RN82L,Xiaomi,Redmi 13C,2023-12,80,49,37,58,74,71,4 GB,128 GB,4,128,23100RN82L,3
4710,Smartphone,Xiaomi Redmi 13C 23108RN04Y,Xiaomi,Redmi 13C,2023-12,80,49,37,58,73,73,8 GB,256 GB,8,256,23108RN04Y,3
4711,Smartphone,Xiaomi Redmi 13C 23108RN04Y,Xiaomi,Redmi 13C,2023-12,81,49,37,58,75,73,4 GB,128 GB,4,128,23108RN04Y,3
4712,Smartphone,OPPO A79 5G CPH2557,OPPO,A79 5G,2023-11,83,69,44,62,71,79,8 GB,256 GB,8,256,CPH2557,3
4713,Smartphone,HONOR 90 Lite CRT-NX3,HONOR,90 Lite,2023-06,69,48,36,65,61,64,8 GB,256 GB,8,256,CRT-NX3,3
4714,Smartphone,Xiaomi Redmi Note 13 Pro+ 5G 23090RA98G,Xiaomi,Redmi Note 13 Pro+ 5G,2023-12,78,75,39,54,70,71,12 GB,512 GB,12,512,23090RA98G,3
4715,Smartphone,Xiaomi Redmi Note 13 Pro+ 5G (256+8) 23090RA98G,Xiaomi,Redmi Note 13 Pro+ 5G (256+8),2023-12,78,75,39,54,70,71,8 GB,256 GB,8,256,23090RA98G,3
4716,Smartphone,Xiaomi Redmi Note 13 Pro+ 5G 23108RN04Y,Xiaomi,Redmi Note 13 Pro+ 5G,2023-12,81,49,37,58,74,73,6 GB,128 GB,6,128,23108RN04Y,3
4717,Smartphone,Xiaomi Redmi Note 13 5G 2312DRAABG,Xiaomi,Redmi Note 13 5G,2023-12,77,60,38,58,72,68,6 GB,128 GB,6,128,2312DRAABG,3
4718,Smartphone,Xiaomi Redmi Note 13 5G 2312DRAABG,Xiaomi,Redmi Note 13 5G,2023-12,75,60,38,58,68,68,8 GB,256 GB,8,256,2312DRAABG,3
4719,Smartphone,Xiaomi Redmi Note 13 Pro 5G 2312DRA50G,Xiaomi,Redmi Note 13 Pro 5G,2023-12,76,60,39,54,68,69,8 GB,256 GB,8,256,2312DRA50G,3
4720,Smartphone,Xiaomi Redmi Note 13 Pro 5G 2312DRA50G,Xiaomi,Redmi Note 13 Pro 5G,2023-12,77,60,39,54,70,69,8 GB,128 GB,8,128,2312DRA50G,3
4721,Smartphone,Xiaomi Redmi Note 13 Pro 5G 2312DRA50G,Xiaomi,Redmi Note 13 Pro 5G,2023-12,74,60,39,54,65,69,12 GB,512 GB,12,512,2312DRA50G,3
4722,Smartphone,Xiaomi Redmi Note 13 23124RA7EO,Xiaomi,Redmi Note 13,2023-12,75,55,38,58,70,68,8 GB,512 GB,8,512,23124RA7EO,3
4723,Smartphone,Xiaomi Redmi Note 13 23124RA7EO,Xiaomi,Redmi Note 13,2023-12,76,55,38,58,72,68,8 GB,256 GB,8,256,23124RA7EO,3
4724,Smartphone,Xiaomi Redmi Note 13 23124RA7EO,Xiaomi,Redmi Note 13,2023-12,77,55,38,58,73,68,8 GB,128 GB,8,128,23124RA7EO,3
4725,Smartphone,Xiaomi Redmi Note 13 Pro 23117RA68G,Xiaomi,Redmi Note 13 Pro,2023-04,75,55,34,50,70,66,8 GB,256 GB,8,256,23117RA68G,3
4726,Smartphone,OPPO A79 5G CPH2557,OPPO,A79 5G,2023-11,85,69,52,62,74,80,4 GB,128 GB,4,128,CPH2557,3
4727,Smartphone,Xiaomi Redmi Note 13 23124RA7EO,Xiaomi,Redmi Note 13,2023-12,78,55,38,58,74,67,6 GB,128 GB,6,128,23124RA7EO,3
4728,Smartphone,vivo Y17S V2310,vivo,Y17S,2023-10,87,63,61,65,80,80,4 GB,128 GB,4,128,V2310,3
4729,Smartphone,vivo V25e V2242,vivo,V25e,2023-07,77,58,53,70,76,66,8 GB,256 GB,8,256,V2242,3
4730,Smartphone,vivo Y17S V2310,vivo,Y17S,2023-10,87,63,61,65,80,80,6 GB,128 GB,6,128,V2310,3
4731,Smartphone,vivo Y27 4G V2249,vivo,Y27 4G,2023-11,84,63,61,70,77,76,6 GB,128 GB,6,128,V2249,3
4732,Feature phone,TCL onetouch 4042S T312D,TCL,onetouch 4042S,2023-07,60,47,29,65,69,47,48 MB,128 MB,0,0,T312D,3
4733,Feature phone,TCL onetouch 4043 T313D,TCL,onetouch 4043,2023-12,60,47,34,60,67,49,49 MB,131 MB,0,0,T313D,3
4734,Smartphone,HONOR X6a WDY-LX3,HONOR,X6a,2024-01,77,48,40,65,74,67,4 GB,128 GB,4,128,WDY-LX3,3
4735,Smartphone,HONOR Magic V2 VER-N49,HONOR,Magic V2,2024-01,58,48,67,65,54,51,16 GB,512 GB,16,512,VER-N49,3
4736,Smartphone,vivo V30 Lite V2314,vivo,V30 Lite,2024-01,80,58,59,72,78,68,12 GB,256 GB,12,256,V2314,3
4737,Smartphone,MOTOROLA_LENOVO moto g34 5G XT2363-3,MOTOROLA_LENOVO,moto g34 5G,2024-01,78,54,37,62,72,69,4 GB,128 GB,4,128,XT2363-3,3
4739,Smartphone,MOTOROLA_LENOVO moto g34 5G XT2363-3,MOTOROLA_LENOVO,moto g34 5G,2024-01,77,57,37,62,69,71,8 GB,128 GB,8,128,XT2363-3,3
4740,Smartphone,MOTOROLA_LENOVO moto g34 5G XT2363-1,MOTOROLA_LENOVO,moto g34 5G,2024-01,75,57,37,58,64,70,8 GB,256 GB,8,256,XT2363-1,3
4741,Smartphone,Xiaomi Redmi Note 13 23129RA5FL,Xiaomi,Redmi Note 13,2023-12,78,55,44,54,73,69,8 GB,256 GB,8,256,23129RA5FL,3
4742,Smartphone,Xiaomi Redmi A3 23129RN51X,Xiaomi,Redmi A3,2024-03,83,49,41,55,76,75,4 GB,128 GB,4,128,23129RN51X,3
4743,Smartphone,Xiaomi Redmi A3 2312CRNCCL,Xiaomi,Redmi A3,2024-03,82,49,41,55,76,73,3 GB,64 GB,3,64,2312CRNCCL,3
4744,Smartphone,Xiaomi Redmi A3 23129RN51X,Xiaomi,Redmi A3,2024-03,84,49,41,55,78,75,3 GB,64 GB,3,64,23129RN51X,3
4745,Smartphone,Xiaomi Redmi A3 2312CRNCCL,Xiaomi,Redmi A3,2024-03,81,49,41,55,75,73,4 GB,128 GB,4,128,2312CRNCCL,3
4746,Smartphone,Xiaomi Xiaomi 14 Ultra 24030PN60G,Xiaomi,Xiaomi 14 Ultra,2024-03,74,75,46,49,62,71,16 GB,512 GB,16,512,24030PN60G,3
4747,Smartphone,TCL TCL 50 5G T613K,TCL,TCL 50 5G,2024-03,80,58,42,58,72,74,4 GB,128 GB,4,128,T613K,3
4748,Smartphone,OPPO A18 CPH2591,OPPO,A18,2024-03,83,63,47,58,72,78,4 GB,128 GB,4,128,CPH2591,3
4749,Smartphone,Xiaomi Redmi 13C 5G 23124RN87G,Xiaomi,Redmi 13C 5G,2024-03,79,49,41,55,75,70,8 GB,256 GB,8,256,23124RN87G,3
4750,Smartphone,vivo V30 V2318,vivo,V30,2024-02,78,68,59,72,74,69,12 GB,512 GB,12,512,V2318,3
4751,Smartphone,Xiaomi 14 23127PN0CG,Xiaomi,14,2024-02,78,72,44,62,71,70,12 GB,256 GB,12,256,23127PN0CG,3
4752,Smartphone,Xiaomi 14 23127PN0CG,Xiaomi,14,2024-02,77,72,44,62,70,70,12 GB,512 GB,12,512,23127PN0CG,3
4753,Smartphone,HONOR Magic6 Pro BVL-N49,HONOR,Magic6 Pro,2024-02,78,75,67,62,72,71,12 GB,512 GB,12,512,BVL-N49,3
4755,Smartphone,HONOR Magic6 Lite 5G ALI-NX1,HONOR,Magic6 Lite 5G,2024-04,77,51,46,65,73,68,8 GB,256 GB,8,256,ALI-NX1,3
4756,Smartphone,OPPO Reno 11F 5G CPH2603,OPPO,Reno 11F 5G,2024-04,85,73,48,58,78,77,8 GB,256 GB,8,256,CPH2603,3
4757,Smartphone,HONOR 90 SMART CLK-NX1,HONOR,90 SMART,2024-04,79,48,48,65,70,73,4 GB,128 GB,4,128,CLK-NX1,3
4758,Smartphone,Motorola moto g24 power XT2425-1,Motorola,moto g24 power,2024-01,68,60,40,55,57,63,8 GB,256 GB,8,256,XT2425-1,3
4759,Smartphone,Motorola moto g24 power XT2425-1,Motorola,moto g24 power,2024-01,70,60,40,55,61,63,8 GB,128 GB,8,128,XT2425-1,3
4760,Smartphone,Motorola moto g24 XT2423-1,Motorola,moto g24,2024-01,73,60,40,55,67,65,4 GB,256 GB,4,256,XT2423-1,3
4761,Smartphone,Motorola moto g24 XT2423-1,Motorola,moto g24,2024-01,75,60,40,55,71,65,4 GB,128 GB,4,128,XT2423-1,3
4762,Smartphone,Motorola edge 50 pro XT2403-2,Motorola,edge 50 pro,2024-04,79,88,39,58,69,73,12 GB,512 GB,12,512,XT2403-2,3
4763,Smartphone,Motorola edge 40 Neo XT2307-1,Motorola,edge 40 Neo,2024-02,75,78,39,57,56,77,12 GB,512 GB,12,512,XT2307-1,3
4764,Smartphone,Motorola edge 40 Neo XT2307-1,Motorola,edge 40 Neo,2024-02,80,78,39,57,66,77,8 GB,256 GB,8,256,XT2307-1,3
4765,Smartphone,NOTHING Phone (2a) A142,NOTHING,Phone (2a),2024-03,82,68,50,59,77,73,8 GB,128 GB,8,128,A142,3
4766,Smartphone,Deutsche Telekom AG T Phone 2 PUMA,Deutsche Telekom AG,T Phone 2,2024-05,88,56,59,68,80,82,6 GB,128 GB,6,128,PUMA,3
4767,Smartphone,Deutsche Telekom AG T Phone 2 Pro Cheetah,Deutsche Telekom AG,T Phone 2 Pro,2024-05,84,56,59,68,82,73,8 GB,256 GB,8,256,Cheetah,3
4768,Smartphone,Motorola edge 50 ultra XT2401-1,Motorola,edge 50 ultra,2024-05,69,85,43,57,64,60,12 GB,512 GB,12,512,XT2401-1,3
4769,Smartphone,Motorola edge 50 fusion XT2429-1,Motorola,edge 50 fusion,2024-05,76,85,39,57,69,68,8 GB,256 GB,8,256,XT2429-1,3
4770,Smartphone,Sony Xperia 10 VI XQ-ES54,Sony,Xperia 10 VI,2024-05,87,81,66,61,87,74,8 GB,128 GB,8,128,XQ-ES54,3
4771,Smartphone,Motorola moto g04 XT2421-1/-2,Motorola,moto g04,2024-02,80,49,51,60,72,73,4 GB,128 GB,4,128,XT2421-1/-2,3
4772,Smartphone,Motorola moto g04 XT2421-3,Motorola,moto g04,2024-02,82,52,51,60,75,74,4 GB,64 GB,4,64,XT2421-3,3
4773,Smartphone,Motorola edge 50 pro XT2403-2,Motorola,edge 50 pro,2024-04,79,85,39,58,69,74,12 GB,256 GB,12,256,XT2403-2,3
4793,Feature phone,TCL onetouch 5041 T314Q,TCL,onetouch 5041,2024-06,61,47,37,60,56,62,64 MB,128 MB,0,0,T314Q,3
4794,Smartphone,HONOR 200 lite Lily-NX1,HONOR,200 lite,2024-06,80,61,48,62,76,70,8 GB,256 GB,8,256,Lily-NX1,3
4795,Smartphone,OPPO Reno12 5G CPH2629,OPPO,Reno12 5G,2024-06,84,72,49,73,74,79,12 GB,512 GB,12,512,CPH2629,3
4796,Smartphone,Sony Xperia 1 VI XQ-EC54,Sony,Xperia 1 VI,2024-06,76,79,71,63,65,72,12 GB,256 GB,12,256,XQ-EC54,3
4797,Smartphone,vivo Y38 5G V2343,vivo,Y38 5G,2024-06,86,75,67,70,81,78,8 GB,256 GB,8,256,V2343,3
4798,Smartphone,OPPO Reno12 5G CPH2625,OPPO,Reno12 5G,2024-06,84,77,47,71,74,78,12 GB,256 GB,12,256,CPH2625,3
4799,Smartphone,HONOR Honor 200 Ellie-N39C,HONOR,Honor 200,2024-06,80,69,55,65,75,70,12 GB,512 GB,12,512,Ellie-N39C,3
4800,Smartphone,HONOR Honor 200 Pro EllieP-N39A,HONOR,Honor 200 Pro,2024-06,79,84,55,65,72,73,12 GB,512 GB,12,512,EllieP-N39A,3
4801,Smartphone,Xiaomi Redmi 13 24040RN64Y,Xiaomi,Redmi 13,2024-06,81,57,41,55,70,76,6 GB,128 GB,6,128,24040RN64Y,3
4802,Smartphone,Xiaomi Redmi 13 24040RN64Y,Xiaomi,Redmi 13,2024-06,80,57,41,55,68,76,8 GB,128 GB,8,128,24040RN64Y,3
4803,Smartphone,Xiaomi Redmi 13 24040RN64Y,Xiaomi,Redmi 13,2024-06,78,57,41,55,64,76,8 GB,256 GB,8,256,24040RN64Y,3
4804,Smartphone,HONOR 200 Ellie-N39A,HONOR,200,2024-06,81,69,55,65,78,71,8 GB,256 GB,8,256,Ellie-N39A,3
4805,Smartphone,HONOR 200 lite Lily-NX3,HONOR,200 lite,2024-06,77,61,48,62,74,67,8 GB,256 GB,8,256,Lily-NX3,3
4806,Smartphone,MOTOROLA_LENOVO moto g85 5G XT2427-2,MOTOROLA_LENOVO,moto g85 5G,2024-07,81,62,43,54,71,76,8 GB,256 GB,8,256,XT2427-2,3
4807,Smartphone,MOTOROLA_LENOVO moto g85 5G XT2427-2,MOTOROLA_LENOVO,moto g85 5G,2024-07,80,62,43,54,70,76,12 GB,256 GB,12,256,XT2427-2,3
4808,Smartphone,OnePlus Nord CE4 Lite 5G CPH2621,OnePlus,Nord CE4 Lite 5G,2024-06,83,63,54,63,76,75,8 GB,256 GB,8,256,CPH2621,3
4809,Smartphone,Xiaomi Redmi 13 24049RN28L,Xiaomi,Redmi 13,2024-06,76,57,41,55,64,73,8 GB,256 GB,8,256,24049RN28L,3
4810,Smartphone,REALME 12+ 5G RMX3867,REALME,12+ 5G,2024-05,80,56,48,63,71,73,8 GB,256 GB,8,256,RMX3867,3
4811,Smartphone,vivo V40 Lite V2341,vivo,V40 Lite,2024-08,80,74,61,68,78,70,12 GB,256 GB,12,256,V2341,3
4812,Smartphone,vivo Y28s 5G V2351,vivo,Y28s 5G,2024-07,79,63,59,70,71,72,8 GB,256 GB,8,256,V2351,3
4813,Smartphone,TCL_ALCATEL 50 NxtPaper 5G T702D,TCL_ALCATEL,50 NxtPaper 5G,2024-05,80,63,48,54,67,77,8 GB,256 GB,8,256,T702D,3
4814,Smartphone,Infinix HOT 20 X6826,Infinix,HOT 20,2024-05,80,63,48,54,67,77,8 GB,256 GB,8,256,X6826,3
